,my.paths,FPD,SES.FPD,Type,category,bodysize
1,Agrobacterium_vitis,NA,NA,B,S,
3,Ampeloglypter_ater,1.985059,-6.191449096,P,S,3.5
36,Pseudocercospora_vitis,1.985059,-6.188843032,F,S,
5,Botrytis_cinerea,251.2056382,-6.172546924,F,G,
14,Grapevinephytoplasma_diseases,1.985059,-6.139965758,F,S,
7,closterovirus ,1.985059,-6.052380711,V,S,
13,Grapevine Leafroll_Associated Viruses,1.985059,-6.027750097,V,S,
8,Daktulosphaira_vitifoliae,1.985059,-5.932623229,P,S,1
33,Plasmopara_viticola,1.985059,-5.926915187,F,S,
12,Eutypa_lata,223.9418475,-4.978249307,F,G,
11,Erysiphe_necator ,0.594936,-4.609975459,V,S,
40,Pseudopezicula_tetrsaspora,0.594936,-4.475219702,F,S,
15,Greeneria_uvicola,3.375182,-4.357673936,F,S,
16,Guignardia_Bidwellii,3.375182,-4.343265154,F,S,
4,Aspergilus_niger,3.375182,-4.336857244,F,S,
24,Mycosphaerella_angulata,3.375182,-4.32452394,F,S,
31,Phomopsis_viticola,3.375182,-4.301393585,F,S,
25,Otiorhynchus_sulcatus,177.613759,-4.175237803,P,G,10
41,Sourrot_yeasts,195.236158,-4.124242878,B,G,
9,Elsino‘_ampelina,3.375182,-4.065663058,F,S,
35,Popillia_japonica,228.707777,-3.523642287,P,G,15
27,Phaeoacremonium_aleophilum,216.5467008,-3.412639684,F,S,
46,Xiphinema_americanum,255.533816,-3.227970034,N,G,2.2
48,Xylella_fastidiosa,220.7893244,-3.14587628,B,G,
20,Meloidogyne_hapla,240.5624447,-2.799431969,N,G,1.14
47,Xiphinema_index,234.8746662,-2.736753469,N,G,0.33
6,Calosphaeria_alnicola,235.0694798,-1.985038706,F,G,
45,Tylenchulus_semipenetrans,234.2458095,-1.952126647,N,G,0.35
38,Pseudococcus_viburni,255.0504614,-1.721426304,P,G,1.5
28,Phaeoacremonium_minimum,244.5641061,-1.609364057,F,S,
44,Tylenchorhynchus_clarus,261.2092381,-1.587321757,N,S,0.59
32,Planococcus_ficus,244.0887825,-1.55605447,P,G,4
42,Togninia_minima,243.4680772,-0.948098829,F,S,
18,Lasiodiplodia_theobromae,266.0613103,-0.688720639,N,G,1.64
39,Pseudomonas_syringae,238.331013,-0.673058624,B,G,
43,TomRSV,235.069476,-0.542771815,V,G,
2,Alternaria_alternata,267.7995258,-0.425775719,F,G,
21,Meloidogyne_incognita,265.4932789,-0.417150702,N,G,1.58
37,Pseudococcus_longispinus,274.0918661,0.633399229,P,G,1.13
19,Meloidogyne_arenaria,278.453223,0.905741547,N,G,1.64
23,Mesocriconema_xenoplax,275.1920301,1.182314454,N,G,0.62
26,Paratrichodorus_minor,275.3401397,1.278444027,N,G,0.71
22,Meloidogyne_javanica,292.7489635,2.318145733,N,G,
17,Helicotylenchus_pseudorobustus,302.2493628,2.39595915,B,G,
10,Erostella_minima,NA,NA,F,S,
29,Phaeomoniella_aleophilum,NA,NA,F,S,
30,Phaeomoniella_chlamydospora,NA,NA,F,S,
34,Pleurostoma_minimum,NA,NA,N,S,
49,Xylophilus_ampelinus,NA,NA,B,S,